Workbook

Sheet How to use
B2: iDermaCare - website images and banners plan
B3: One row per picture slot on the site: what it is, where it shows, the size to prepare, and what you have today.
B5: What this sheet is for | C5: Hand this to whoever shoots or designs the pictures. Every slot in the "Content plan" tab lists the exact pixel size, shape and file type, so images can be uploaded without cropping or blur.
B6: Tabs | C6: Content plan = every slot, with specs and a status. Resolution guide = the size rules in one table. Summary = counts by status and by screen.
B7: Cells you edit | C7: Blue text on the yellow-tinted columns in "Content plan": Current file, Current width, Current height, Status, Owner, Due date, Notes. Everything else (ratio, "Meets minimum?", summary numbers) calculates by itself.
B8: How "Meets minimum?" works | C8: Type the width and height of the picture you currently have. The sheet compares it with the minimum size for that slot and shows OK, Too small, or Missing. Check the size in Windows: right-click the file > Properties > Details.
B9: Where to upload | C9: Sign in at idermacare.com/admin > Website content. Each section there has a Replace button. Pictures must be 5 MB or smaller, videos 40 MB or smaller. JPG, PNG, WebP or GIF for pictures; MP4 or WebM for video.
B10: Product photos | C10: Product galleries are set when the product is created or edited (Admin > Products). Ask for the new photos to be named product-1.jpg, product-2.jpg and so on, in display order.
B11: Rule of thumb | C11: Prepare each image at the "Recommended" size (it stays sharp on phones with high-resolution screens). Never go below the "Minimum" size. Keep the main subject in the centre: banners are cropped differently on phone and desktop.
B12: Sources of the numbers | C12: Display shapes and heights come from the site code (src/ssz.css and src/pages/Home.jsx): banner height 416 / 546 / 624 px at phone / tablet / desktop widths, 1:1 product and category tiles, 9:16 story and short-video frames, 16:9 product video. Recommended sizes are about 2x the largest on-screen size so they stay sharp on high-resolution screens. File limits come from the site editor (5 MB image, 40 MB video). Current sizes were measured from the files in the project on 22 Oct 2026.
B14: Example row (how a filled-in slot looks)
B15: Screen | C15: Home
B16: Slot | C16: Hero banner - slide 1
B17: Recommended size | C17: 2400 x 1000 px, JPG, under 400 KB
B18: Current file | C18: sadoer-collagen-banner.jpg (1024 x 415)
B19: Meets minimum? | C19: Too small - needs a new image
B20: Status | C20: To do

Sheet Content plan
A1: # | B1: Screen | C1: Section / slot | D1: What it shows | E1: Qty needed | F1: Rec. width (px) | G1: Rec. height (px) | H1: Min. width (px) | I1: Min. height (px) | J1: Shape (ratio) | K1: Format | L1: Max size | M1: Style and safe-area notes | N1: Current file | O1: Current width | P1: Current height | Q1: Meets minimum? | R1: Status | S1: Owner | T1: Due date | U1: Notes
A2: 1 | B2: All pages | C2: Logo (header) | D2: iDermaCare logo shown top-left on every page (appears about 116 x 32 px). | E2: 1 | F2: 1200 | G2: 320 | H2: 464 | I2: 128 | J2: =IF(OR(G2="",G2=0),"",ROUND(F2/G2,2)&" : 1") | K2: PNG (transparent) or SVG | L2: 300 KB | M2: Transparent background. Keep a little empty margin around the logo. Also needed in a dark/white version if you want a footer variant. | N2: logo.png | O2: 1024 | P2: 223 | Q2: =IF(O2="","Missing",IF(AND(O2>=H2,P2>=I2),"OK","Too small")) | R2: To do
A3: 2 | B3: All pages | C3: Browser tab icon (favicon) | D3: Small icon in the browser tab and bookmarks. | E3: 1 | F3: 512 | G3: 512 | H3: 256 | I3: 256 | J3: =IF(OR(G3="",G3=0),"",ROUND(F3/G3,2)&" : 1") | K3: PNG (also SVG) | L3: 100 KB | M3: Simple mark only - no text. It is shown as small as 16 px, so the shape must read at that size. | N3: favicon.png | O3: 500 | P3: 500 | Q3: =IF(O3="","Missing",IF(AND(O3>=H3,P3>=I3),"OK","Too small")) | R3: To do
A4: 3 | B4: All pages / Google | C4: Square logo for Google and social profiles | D4: Search engines and social profiles prefer a square logo. | E4: 1 | F4: 512 | G4: 512 | H4: 112 | I4: 112 | J4: =IF(OR(G4="",G4=0),"",ROUND(F4/G4,2)&" : 1") | K4: PNG | L4: 200 KB | M4: Logo centred on a white or brand-colour square, with about 10% padding. Used in search-result knowledge panels. | N4: (none) | Q4: =IF(O4="","Missing",IF(AND(O4>=H4,P4>=I4),"OK","Too small")) | R4: To do
A5: 4 | B5: All pages / Social | C5: Default share image | D5: Picture that appears when the site link is shared on WhatsApp, Facebook, TikTok or Google Discover. | E5: 1 | F5: 1200 | G5: 630 | H5: 1200 | I5: 630 | J5: =IF(OR(G5="",G5=0),"",ROUND(F5/G5,2)&" : 1") | K5: JPG | L5: 400 KB | M5: Landscape 1.91:1. Keep logo and text inside the centre 80%. Currently the first product photo is used, which is square and gets cropped. | N5: (none - uses product photo) | Q5: =IF(O5="","Missing",IF(AND(O5>=H5,P5>=I5),"OK","Too small")) | R5: To do
A6: 5 | B6: Home | C6: Hero banner slides - desktop and tablet | D6: Large rotating banner at the top of the home page (3 slides) for computers and tablets (750 px wide and up). | E6: 3 | F6: 2400 | G6: 1000 | H6: 1600 | I6: 667 | J6: =IF(OR(G6="",G6=0),"",ROUND(F6/G6,2)&" : 1") | K6: JPG (or WebP) | L6: 400 KB each | M6: Shown 624 px tall on desktop and 546 on tablet, always cropped to fill. Put the product in the middle and right; leave the left third calmer because the headline sits there. No text baked into the image - the site adds the headline and button. Phones use the separate phone version below. | N6: sadoer-collagen-banner.jpg / some-by-mi-banner.jpg / mighty-patch-banner.jpg | O6: 1024 | P6: 415 | Q6: =IF(O6="","Missing",IF(AND(O6>=H6,P6>=I6),"OK","Too small")) | R6: To do
A7: 6 | B7: Home | C7: Hero banner slides - phone version | D7: Separate tall banner shown on phones (screens under 750 px wide). Optional: if empty, the desktop banner is cropped instead. Set in Admin > Website content > Banner picture for phones. | E7: 3 | F7: 1080 | G7: 1440 | H7: 720 | I7: 960 | J7: =IF(OR(G7="",G7=0),"",ROUND(F7/G7,2)&" : 1") | K7: JPG (or WebP) | L7: 300 KB each | M7: Portrait 3:4. Shown about 390 px wide and at least 520 px tall. Put the product in the upper 60%; the bottom 35% sits under the headline and button (a soft dark fade is added by the site), so keep it calm there. No text baked into the image. | N7: (none yet) | Q7: =IF(O7="","Missing",IF(AND(O7>=H7,P7>=I7),"OK","Too small")) | R7: To do
A8: 7 | B8: Home | C8: Category circles (stories row) | D8: Round pictures under the header: SADOER, Hero, SOME BY MI, Masks, Toners, Patches. | E8: 6 | F8: 800 | G8: 800 | H8: 400 | I8: 400 | J8: =IF(OR(G8="",G8=0),"",ROUND(F8/G8,2)&" : 1") | K8: JPG or PNG | L8: 150 KB each | M8: Square. The site crops it into a circle, so keep the subject centred with space around it. Clean, bright background. | N8: products/*/1 and 2 (product photos reused) | O8: 1500 | P8: 1500 | Q8: =IF(O8="","Missing",IF(AND(O8>=H8,P8>=I8),"OK","Too small")) | R8: To do
A9: 8 | B9: Home | C9: Story full-screen photos | D9: Photo/video that opens when a category circle is tapped (phone-style full screen). | E9: 6 | F9: 1080 | G9: 1920 | H9: 720 | I9: 1280 | J9: =IF(OR(G9="",G9=0),"",ROUND(F9/G9,2)&" : 1") | K9: JPG, or MP4 for video | L9: 500 KB photo / 40 MB video | M9: Portrait 9:16. Keep faces and products away from the top 12% and bottom 18% (buttons and title overlap there). | N9: products/*/1 (product photos reused) | O9: 522 | P9: 624 | Q9: =IF(O9="","Missing",IF(AND(O9>=H9,P9>=I9),"OK","Too small")) | R9: To do
A10: 9 | B10: Home | C10: Brand logos row | D10: Logos of SADOER, Hero Cosmetics and SOME BY MI in a row, shown as circles. | E10: 3 | F10: 800 | G10: 800 | H10: 400 | I10: 400 | J10: =IF(OR(G10="",G10=0),"",ROUND(F10/G10,2)&" : 1") | K10: SVG or PNG (transparent) | L10: 100 KB each | M10: Square canvas, logo centred with 15% padding. Use the official brand artwork where you are allowed to. | N10: brands/sadoer.svg, hero.svg, some-by-mi.svg | Q10: =IF(O10="","Missing",IF(AND(O10>=H10,P10>=I10),"OK","Too small")) | R10: To do
A11: 10 | B11: Home | C11: "Our story" photo | D11: Picture beside the "A short list, chosen carefully" text. | E11: 1 | F11: 1200 | G11: 1200 | H11: 800 | I11: 800 | J11: =IF(OR(G11="",G11=0),"",ROUND(F11/G11,2)&" : 1") | K11: JPG | L11: 300 KB | M11: Square 1:1. Best as a group shot of the three products on a clean surface. | N11: products/story-trio.jpg | O11: 1024 | P11: 1024 | Q11: =IF(O11="","Missing",IF(AND(O11>=H11,P11>=I11),"OK","Too small")) | R11: To do
A12: 11 | B12: Home | C12: Customer review photos | D12: Photos in the scrolling reviews strip. | E12: 8 | F12: 800 | G12: 800 | H12: 400 | I12: 400 | J12: =IF(OR(G12="",G12=0),"",ROUND(F12/G12,2)&" : 1") | K12: JPG | L12: 200 KB each | M12: Square 1:1 customer photos or product-in-use shots. Only use photos you have permission to show. | N12: reviews/review-1 to 8.jpg | O12: 1024 | P12: 1024 | Q12: =IF(O12="","Missing",IF(AND(O12>=H12,P12>=I12),"OK","Too small")) | R12: To do
A13: 12 | B13: Home / Shop | C13: Product cards | D13: Square product picture on every product card (uses the first gallery photo of each product). | E13: 3 | F13: 1200 | G13: 1200 | H13: 800 | I13: 800 | J13: =IF(OR(G13="",G13=0),"",ROUND(F13/G13,2)&" : 1") | K13: JPG or PNG | L13: 300 KB each | M13: Square 1:1, product centred on a plain white or soft background. The first gallery photo is used here, so make it the best one. | N13: products/*/1 (first gallery photo) | O13: 800 | P13: 800 | Q13: =IF(O13="","Missing",IF(AND(O13>=H13,P13>=I13),"OK","Too small")) | R13: To do
A14: 13 | B14: Product pages | C14: Main product photo (gallery photo 1) | D14: Big picture at the top of each product page; zoomable. | E14: 3 | F14: 2000 | G14: 2000 | H14: 1000 | I14: 1000 | J14: =IF(OR(G14="",G14=0),"",ROUND(F14/G14,2)&" : 1") | K14: JPG (PNG if transparent) | L14: 500 KB each | M14: Square 1:1, product fills about 80% of the frame on a white background. Sharp label text. Shown with 24 px padding, so do not crop tight. | N14: products/*/1 | O14: 522 | P14: 624 | Q14: =IF(O14="","Missing",IF(AND(O14>=H14,P14>=I14),"OK","Too small")) | R14: To do
A15: 14 | B15: Product pages | C15: Extra gallery photos | D15: Pictures 2 to 6 for each product: pack front/back, texture, size comparison, how to use, ingredients / label. | E15: 15 | F15: 2000 | G15: 2000 | H15: 1000 | I15: 1000 | J15: =IF(OR(G15="",G15=0),"",ROUND(F15/G15,2)&" : 1") | K15: JPG | L15: 500 KB each | M15: 5 extra photos per product (3 products). Square 1:1. Mix: close-up of the texture, product in hand for scale, step-by-step use, the back label, one lifestyle photo. | N15: products/*/2 to 7 | O15: 522 | P15: 522 | Q15: =IF(O15="","Missing",IF(AND(O15>=H15,P15>=I15),"OK","Too small")) | R15: To do
A16: 15 | B16: Product pages | C16: Product video (landscape) | D16: Short demo or brand video in the player on the product page. | E16: 3 | F16: 1920 | G16: 1080 | H16: 1280 | I16: 720 | J16: =IF(OR(G16="",G16=0),"",ROUND(F16/G16,2)&" : 1") | K16: MP4 (H.264) | L16: 40 MB | M16: 16:9, 15-45 seconds, with a poster frame. Add captions: many people watch without sound. | N16: videos/sadoer.mp4, mighty-patch.mp4, some-by-mi.mp4 | Q16: =IF(O16="","Missing",IF(AND(O16>=H16,P16>=I16),"OK","Too small")) | R16: To do
A17: 16 | B17: Product pages | C17: Short vertical videos | D17: Optional short video for the story / reels style viewer. | E17: 3 | F17: 1080 | G17: 1920 | H17: 720 | I17: 1280 | J17: =IF(OR(G17="",G17=0),"",ROUND(F17/G17,2)&" : 1") | K17: MP4 (H.264) | L17: 40 MB | M17: 9:16, 10-30 seconds. Key action in the middle of the frame. | N17: (none) | Q17: =IF(O17="","Missing",IF(AND(O17>=H17,P17>=I17),"OK","Too small")) | R17: To do
A18: 17 | B18: Cart / Checkout | C18: Cart thumbnails | D18: Small product picture in the cart (88 x 88 px). | E18: 0 | F18: 400 | G18: 400 | H18: 200 | I18: 200 | J18: =IF(OR(G18="",G18=0),"",ROUND(F18/G18,2)&" : 1") | K18: Automatic | L18: - | M18: No extra picture needed: the first product gallery photo is reused. | N18: (automatic) | Q18: n/a | R18: Not needed
A19: 18 | B19: About | C19: About us photo | D19: Photo on the About page: the team, the office or the story. | E19: 1 | F19: 1600 | G19: 1067 | H19: 1200 | I19: 800 | J19: =IF(OR(G19="",G19=0),"",ROUND(F19/G19,2)&" : 1") | K19: JPG | L19: 400 KB | M19: Landscape 3:2 works best. It is shown whole (not cropped), so any shape will fit, but wide photos fill the page better. | N19: about/iderma-care.png | O19: 1024 | P19: 1024 | Q19: =IF(O19="","Missing",IF(AND(O19>=H19,P19>=I19),"OK","Too small")) | R19: To do
A20: 19 | B20: Blog | C20: Blog cover images | D20: A cover picture for each article (the site does not show one yet; a small code change adds it). | E20: 3 | F20: 1200 | G20: 630 | H20: 1200 | I20: 630 | J20: =IF(OR(G20="",G20=0),"",ROUND(F20/G20,2)&" : 1") | K20: JPG | L20: 250 KB each | M20: Landscape 1.91:1, one per post, no text baked in. Also used as the link preview image when the article is shared. | N20: (none) | Q20: =IF(O20="","Missing",IF(AND(O20>=H20,P20>=I20),"OK","Too small")) | R20: To do
A21: 20 | B21: Contact | C21: Store / office photo | D21: Optional photo of the office or a map-style picture on the Contact page (needs a small code change). | E21: 1 | F21: 1600 | G21: 900 | H21: 1200 | I21: 675 | J21: =IF(OR(G21="",G21=0),"",ROUND(F21/G21,2)&" : 1") | K21: JPG | L21: 300 KB | M21: Landscape 16:9. Helps trust for first-time buyers. | N21: (none) | Q21: =IF(O21="","Missing",IF(AND(O21>=H21,P21>=I21),"OK","Too small")) | R21: To do
A22: 21 | B22: Marketing | C22: Instagram / Facebook post images | D22: Posts for the three social accounts, to bring visitors to the site. | E22: 12 | F22: 1080 | G22: 1350 | H22: 1080 | I22: 1080 | J22: =IF(OR(G22="",G22=0),"",ROUND(F22/G22,2)&" : 1") | K22: JPG or PNG | L22: 1 MB each | M22: Portrait 4:5 is best for the feed. Plan about 12 for the first month. Keep the logo in one consistent corner. | N22: (none) | Q22: =IF(O22="","Missing",IF(AND(O22>=H22,P22>=I22),"OK","Too small")) | R22: To do
A23: 22 | B23: Marketing | C23: TikTok / Reels covers | D23: Cover frames for videos on TikTok and Instagram Reels. | E23: 6 | F23: 1080 | G23: 1920 | H23: 1080 | I23: 1920 | J23: =IF(OR(G23="",G23=0),"",ROUND(F23/G23,2)&" : 1") | K23: JPG | L23: 500 KB each | M23: 9:16. Keep text in the middle 60% - the app overlays buttons on the edges. | N23: (none) | Q23: =IF(O23="","Missing",IF(AND(O23>=H23,P23>=I23),"OK","Too small")) | R23: To do

Sheet Resolution guide
B2: Resolution guide - the size rules in one table
B4: Picture type | C4: Shape | D4: Recommended (px) | E4: Minimum (px) | F4: Format | G4: Target file size | H4: Where used
B5: Hero banner - desktop / tablet | C5: 2.4 : 1 (wide) | D5: 2400 x 1000 | E5: 1600 x 667 | F5: JPG / WebP | G5: under 400 KB | H5: Home page rotating banner
B6: Hero banner - phone | C6: 3 : 4 (tall) | D6: 1080 x 1440 | E6: 720 x 960 | F6: JPG / WebP | G6: under 300 KB | H6: Home page banner on phones
B7: Product photo | C7: 1 : 1 (square) | D7: 2000 x 2000 | E7: 1000 x 1000 | F7: JPG / PNG | G7: under 500 KB | H7: Product page gallery, product cards, cart
B8: Category circle | C8: 1 : 1 (square) | D8: 800 x 800 | E8: 400 x 400 | F8: JPG / PNG | G8: under 150 KB | H8: Home page circles
B9: Full-screen story / reel cover | C9: 9 : 16 (tall) | D9: 1080 x 1920 | E9: 720 x 1280 | F9: JPG / MP4 | G9: photo under 500 KB, video under 40 MB | H9: Story viewer, TikTok and Reels
B10: Landscape video | C10: 16 : 9 | D10: 1920 x 1080 | E10: 1280 x 720 | F10: MP4 (H.264) | G10: under 40 MB | H10: Product page video player
B11: Share / blog cover image | C11: 1.91 : 1 | D11: 1200 x 630 | E11: 1200 x 630 | F11: JPG | G11: under 250 KB | H11: Link previews on WhatsApp, Facebook; blog covers
B12: Logo | C12: wide, transparent | D12: 1200 x 320 | E12: 464 x 128 | F12: PNG / SVG | G12: under 300 KB | H12: Header on every page
B13: Favicon / square logo | C13: 1 : 1 | D13: 512 x 512 | E13: 256 x 256 | F13: PNG | G13: under 100 KB | H13: Browser tab, Google, social profiles
B14: Social feed post | C14: 4 : 5 (portrait) | D14: 1080 x 1350 | E14: 1080 x 1080 | F14: JPG / PNG | G14: under 1 MB | H14: Instagram / Facebook feed
B16: Tips
B17: Why "2x": phones and laptops with sharp screens show 2 pixels for every 1 on-screen pixel, so an image shown at 1200 px wide should be 2400 px wide to stay crisp.
B18: Compress before uploading (squoosh.app or tinypng.com are free). Large images slow the site down, and speed affects Google ranking.
B19: Name files with plain words: hero-mighty-patch-front.jpg, not IMG_4023.jpg. It helps Google Images.
B20: Every picture should also have a short description (alt text) when you add it in the admin, such as "Hero Mighty Patch Invisible+ pack on a white background".

Sheet Summary
B2: Summary
B4: Slots by status | C4: Slots | D4: Pictures
B5: To do | C5: =COUNTIF('Content plan'!$R$2:$R$23,B5) | D5: =SUMIFS('Content plan'!$E$2:$E$23,'Content plan'!$R$2:$R$23,B5)
B6: In progress | C6: =COUNTIF('Content plan'!$R$2:$R$23,B6) | D6: =SUMIFS('Content plan'!$E$2:$E$23,'Content plan'!$R$2:$R$23,B6)
B7: Delivered | C7: =COUNTIF('Content plan'!$R$2:$R$23,B7) | D7: =SUMIFS('Content plan'!$E$2:$E$23,'Content plan'!$R$2:$R$23,B7)
B8: Approved | C8: =COUNTIF('Content plan'!$R$2:$R$23,B8) | D8: =SUMIFS('Content plan'!$E$2:$E$23,'Content plan'!$R$2:$R$23,B8)
B9: Live on site | C9: =COUNTIF('Content plan'!$R$2:$R$23,B9) | D9: =SUMIFS('Content plan'!$E$2:$E$23,'Content plan'!$R$2:$R$23,B9)
B10: Not needed | C10: =COUNTIF('Content plan'!$R$2:$R$23,B10) | D10: =SUMIFS('Content plan'!$E$2:$E$23,'Content plan'!$R$2:$R$23,B10)
B11: Total | C11: =SUM(C5:C10) | D11: =SUM(D5:D10)
B13: Current files against the minimum size
B14: OK | C14: =COUNTIF('Content plan'!$Q$2:$Q$23,B14)
B15: Too small | C15: =COUNTIF('Content plan'!$Q$2:$Q$23,B15)
B16: Missing | C16: =COUNTIF('Content plan'!$Q$2:$Q$23,B16)
B18: Pictures needed by screen | C18: Pictures
B19: All pages | C19: =SUMIFS('Content plan'!$E$2:$E$23,'Content plan'!$B$2:$B$23,B19)
B20: All pages / Google | C20: =SUMIFS('Content plan'!$E$2:$E$23,'Content plan'!$B$2:$B$23,B20)
B21: All pages / Social | C21: =SUMIFS('Content plan'!$E$2:$E$23,'Content plan'!$B$2:$B$23,B21)
B22: Home | C22: =SUMIFS('Content plan'!$E$2:$E$23,'Content plan'!$B$2:$B$23,B22)
B23: Home / Shop | C23: =SUMIFS('Content plan'!$E$2:$E$23,'Content plan'!$B$2:$B$23,B23)
B24: Product pages | C24: =SUMIFS('Content plan'!$E$2:$E$23,'Content plan'!$B$2:$B$23,B24)
B25: Cart / Checkout | C25: =SUMIFS('Content plan'!$E$2:$E$23,'Content plan'!$B$2:$B$23,B25)
B26: About | C26: =SUMIFS('Content plan'!$E$2:$E$23,'Content plan'!$B$2:$B$23,B26)
B27: Blog | C27: =SUMIFS('Content plan'!$E$2:$E$23,'Content plan'!$B$2:$B$23,B27)
B28: Contact | C28: =SUMIFS('Content plan'!$E$2:$E$23,'Content plan'!$B$2:$B$23,B28)
B29: Marketing | C29: =SUMIFS('Content plan'!$E$2:$E$23,'Content plan'!$B$2:$B$23,B29)
B30: Total pictures | C30: =SUM(C19:C29)
B31: Check: equals Total pictures above | C31: =IF(C30=D11,"OK","Mismatch")
